Code,Company_Name,Sector
AALI,Astra Agro Lestari Tbk.,Consumer Non-Cyclicals
ABBA,Mahaka Media Tbk.,Consumer Cyclicals
ABDA,Asuransi Bina Dana Arta Tbk.,Financials
ABMM,ABM Investama Tbk.,Energy
ACES,Aspirasi Hidup Indonesia Tbk.,Consumer Cyclicals
ACRO,Samcro Hyosung Adilestari Tbk.,Consumer Cyclicals
ACST,Acset Indonusa Tbk.,Infrastructure
ADCP,Adhi Commuter Properti Tbk.,Properties & Real Estate
ADES,Akasha Wira International Tbk.,Consumer Non-Cyclicals
ADHI,Adhi Karya (Persero) Tbk.,Infrastructure
ADMF,Adira Dinamika Multi Finance T,Financials
ADMG,Polychem Indonesia Tbk,Basic Materials
ADMR,Adaro Minerals Indonesia Tbk.,Energy
ADRO,Alamtri Resources Indonesia Tb,Energy
AEGS,Anugerah Spareparts Sejahtera,Consumer Cyclicals
AGAR,Asia Sejahtera Mina Tbk.,Consumer Non-Cyclicals
AGII,Samator Indo Gas Tbk.,Basic Materials
AGRO,Bank Raya Indonesia Tbk.,Financials
AGRS,Bank IBK Indonesia Tbk.,Financials
AHAP,Asuransi Harta Aman Pratama Tbk.,Financials
AIMS,Artha Mahiya Investama Tbk.,Energy
AISA,FKS Food Sejahtera Tbk.,Consumer Non-Cyclicals
AKKU,Anugerah Kagum Karya Utama Tbk,Consumer Cyclicals
AKPI,Argha Karya Prima Industry Tbk,Basic Materials
AKRA,AKR Corporindo Tbk.,Energy
AKSI,Mineral Sumberdaya Mandiri Tbk,Transportation & Logistics
ALDO,Alkindo Naratama Tbk.,Basic Materials
ALII,Ancara Logistics Indonesia Tbk,Energy
ALKA,Alakasa Industrindo Tbk,Basic Materials
ALMI,Alumindo Light Metal Industry,Basic Materials
ALTO,Tri Banyan Tirta Tbk.,Consumer Non-Cyclicals
AMAG,Asuransi Multi Artha Guna Tbk.,Financials
AMAN,Makmur Berkah Amanda Tbk.,Properties & Real Estate
AMAR,Bank Amar Indonesia Tbk.,Financials
AMFG,Asahimas Flat Glass Tbk.,Industrials
AMIN,Ateliers Mecaniques D Indonesi,Industrials
AMMN,Amman Mineral Internasional Tb,Basic Materials
AMMS,Agung Menjangan Mas Tbk.,Consumer Non-Cyclicals
AMOR,Ashmore Asset Management Indon,Financials
AMRT,Sumber Alfaria Trijaya Tbk.,Consumer Non-Cyclicals
ANDI,Andira Agro Tbk.,Consumer Non-Cyclicals
ANJT,Austindo Nusantara Jaya Tbk.,Consumer Non-Cyclicals
ANTM,Aneka Tambang Tbk.,Basic Materials
APEX,Apexindo Pratama Duta Tbk.,Energy
APIC,Pacific Strategic Financial Tb,Financials
APII,Arita Prima Indonesia Tbk.,Industrials
APLI,Asiaplast Industries Tbk.,Basic Materials
APLN,Agung Podomoro Land Tbk.,Properties & Real Estate
ARCI,Archi Indonesia Tbk.,Basic Materials
AREA,Dunia Virtual Online Tbk.,Technology
ARGO,Argo Pantes Tbk,Consumer Cyclicals
ARII,Atlas Resources Tbk.,Energy
ARKA,Arkha Jayanti Persada Tbk.,Industrials
ARKO,Arkora Hydro Tbk.,Infrastructure
ARMY,Armidian Karyatama Tbk.,Properties & Real Estate
ARNA,Arwana Citramulia Tbk.,Industrials
ARTA,Arthavest Tbk,Consumer Cyclicals
ARTI,Ratu Prabu Energi Tbk,Energy
ARTO,Bank Jago Tbk.,Financials
ASBI,Asuransi Bintang Tbk.,Financials
ASDM,Asuransi Dayin Mitra Tbk.,Financials
ASGR,Astra Graphia Tbk.,Industrials
ASHA,Cilacap Samudera Fishing Indus,Consumer Non-Cyclicals
ASII,Astra International Tbk.,Industrials
ASJT,Asuransi Jasa Tania Tbk.,Financials
ASLC,Autopedia Sukses Lestari Tbk.,Consumer Cyclicals
ASLI,Asri Karya Lestari Tbk.,Infrastructure
ASMI,Asuransi Maximus Graha Persada,Financials
ASPI,Andalan Sakti Primaindo Tbk.,Properties & Real Estate
ASRI,Alam Sutera Realty Tbk.,Properties & Real Estate
ASRM,Asuransi Ramayana Tbk.,Financials
ASSA,Adi Sarana Armada Tbk.,Transportation & Logistics
ATAP,Trimitra Prawara Goldland Tbk.,Properties & Real Estate
ATIC,Anabatic Technologies Tbk.,Technology
ATLA,Atlantis Subsea Indonesia Tbk.,Energy
AUTO,Astra Otoparts Tbk.,Consumer Cyclicals
AVIA,Avia Avian Tbk.,Basic Materials
AWAN,Era Digital Media Tbk.,Technology
AXIO,Tera Data Indonusa Tbk.,Technology
AYAM,Janu Putra Sejahtera Tbk.,Consumer Non-Cyclicals
AYLS,Agro Yasa Lestari Tbk.,Basic Materials
PTBA,Bukit Asam Tbk.,Energy
BABP,Bank MNC Internasional Tbk.,Financials
BABY,Multitrend Indo Tbk.,Consumer Cyclicals
BACA,Bank Capital Indonesia Tbk.,Financials
BAIK,Bersama Mencapai Puncak Tbk.,Consumer Cyclicals
BAJA,Saranacentral Bajatama Tbk.,Basic Materials
BALI,Bali Towerindo Sentra Tbk.,Infrastructure
BANK,Bank Aladin Syariah Tbk.,Financials
BAPA,Bekasi Asri Pemula Tbk.,Properties & Real Estate
BAPI,Bhakti Agung Propertindo Tbk.,Properties & Real Estate
BATA,Sepatu Bata Tbk.,Consumer Cyclicals
BATR,Benteng Api Technic Tbk.,Basic Materials
BAUT,Mitra Angkasa Sejahtera Tbk.,Consumer Cyclicals
BAYU,Bayu Buana Tbk,Consumer Cyclicals
BBCA,Bank Central Asia Tbk.,Financials
BBHI,Allo Bank Indonesia Tbk.,Financials
BBKP,Bank KB Bukopin Tbk.,Financials
BBLD,Buana Finance Tbk.,Financials
BBMD,Bank Mestika Dharma Tbk.,Financials
BBNI,Bank Negara Indonesia (Persero) Tbk.,Financials
BBRI,Bank Rakyat Indonesia (Persero) Tbk.,Financials
BBRM,Pelayaran Nasional Bina Buana,Energy
BBSI,Krom Bank Indonesia Tbk.,Financials
BBSS,Bumi Benowo Sukses Sejahtera T,Properties & Real Estate
BBTN,Bank Tabungan Negara (Persero),Financials
BBYB,Bank Neo Commerce Tbk.,Financials
BCAP,MNC Kapital Indonesia Tbk.,Financials
BCIC,Bank JTrust Indonesia Tbk.,Financials
BCIP,Bumi Citra Permai Tbk.,Properties & Real Estate
BDKR,Berdikari Pondasi Perkasa Tbk.,Infrastructure
BDMN,Bank Danamon Indonesia Tbk.,Financials
BEBS,Berkah Beton Sadaya Tbk.,Basic Materials
BEEF,Estika Tata Tiara Tbk.,Consumer Non-Cyclicals
BEER,Jobubu Jarum Minahasa Tbk.,Consumer Non-Cyclicals
BEKS,Bank Pembangunan Daerah Banten,Financials
BELI,Global Digital Niaga Tbk.,Technology
BELL,Trisula Textile Industries Tbk,Consumer Cyclicals
BESS,Batulicin Nusantara Maritim Tb,Energy
BEST,Bekasi Fajar Industrial Estate,Properties & Real Estate
BFIN,BFI Finance  Indonesia Tbk.,Financials
BGTG,Bank Ganesha Tbk.,Financials
BHAT,Bhakti Multi Artha Tbk.,Financials
BHIT,MNC Asia Holding Tbk.,Industrials
BIKA,Binakarya Jaya Abadi Tbk.,Properties & Real Estate
BIKE,Sepeda Bersama Indonesia Tbk.,Consumer Cyclicals
BIMA,Primarindo Asia Infrastructure,Consumer Cyclicals
BINA,Bank Ina Perdana Tbk.,Financials
BINO,Perma Plasindo Tbk.,Industrials
BIPI,Astrindo Nusantara Infrastrukt,Energy
BIPP,Bhuwanatala Indah Permai Tbk.,Properties & Real Estate
BIRD,Blue Bird Tbk.,Transportation & Logistics
BISI,BISI International Tbk.,Consumer Non-Cyclicals
BJBR,Bank Pembangunan Daerah Jawa B,Financials
BJTM,Bank Pembangunan Daerah Jawa T,Financials
BKDP,Bukit Darmo Property Tbk.,Properties & Real Estate
BKSL,Sentul City Tbk.,Properties & Real Estate
BKSW,Bank QNB Indonesia Tbk.,Financials
BLES,Superior Prima Sukses Tbk.,Basic Materials
BLTA,Berlian Laju Tanker Tbk,Transportation & Logistics
BLTZ,Graha Layar Prima Tbk.,Consumer Cyclicals
BLUE,Berkah Prima Perkasa Tbk.,Industrials
BMAS,Bank Maspion Indonesia Tbk.,Financials
BMBL,Lavender Bina Cendikia Tbk.,Consumer Cyclicals
BMHS,Bundamedik Tbk.,Healthcare
BMRI,Bank Mandiri (Persero) Tbk.,Financials
BMSR,Bintang Mitra Semestaraya Tbk,Basic Materials
BMTR,Global Mediacom Tbk.,Consumer Cyclicals
BNBA,Bank Bumi Arta Tbk.,Financials
BNBR,Bakrie & Brothers Tbk,Industrials
BNGA,Bank CIMB Niaga Tbk.,Financials
BNII,Bank Maybank Indonesia Tbk.,Financials
BNLI,Bank Permata Tbk.,Financials
BOAT,Newport Marine Services Tbk.,Energy
BOBA,Formosa Ingredient Factory Tbk,Consumer Non-Cyclicals
BOGA,Bintang Oto Global Tbk.,Consumer Cyclicals
BOLA,Bali Bintang Sejahtera Tbk.,Consumer Cyclicals
BOLT,Garuda Metalindo Tbk.,Consumer Cyclicals
BOSS,Borneo Olah Sarana Sukses Tbk.,Energy
BPFI,Woori Finance Indonesia Tbk.,Financials
BPII,Batavia Prosperindo Internasio,Financials
BPTR,Batavia Prosperindo Trans Tbk.,Transportation & Logistics
BRPT,Barito Pacific Tbk.,Basic Materials
BRAM,Indo Kordsa Tbk.,Consumer Cyclicals
BREN,Barito Renewables Energy Tbk.,Infrastructure
BRIS,Bank Syariah Indonesia Tbk.,Financials
BRMS,Bumi Resources Minerals Tbk.,Basic Materials
BRNA,Berlina Tbk.,Basic Materials
BSBK,Wulandari Bangun Laksana Tbk.,Properties & Real Estate
BSDE,Bumi Serpong Damai Tbk.,Properties & Real Estate
BSIM,Bank Sinarmas Tbk.,Financials
BSML,Bintang Samudera Mandiri Lines,Energy
BSSR,Baramulti Suksessarana Tbk.,Energy
BSWD,Bank Of India Indonesia Tbk.,Financials
BTEK,Bumi Teknokultura Unggul Tbk,Consumer Non-Cyclicals
BTEL,Bakrie Telecom Tbk.,Infrastructure
BTON,Betonjaya Manunggal Tbk.,Basic Materials
BTPN,Bank SMBC Indonesia Tbk.,Financials
BTPS,Bank BTPN Syariah Tbk.,Financials
BUAH,Segar Kumala Indonesia Tbk.,Consumer Non-Cyclicals
BUDI,Budi Starch & Sweetener Tbk.,Consumer Non-Cyclicals
BUKA,Bukalapak.com Tbk.,Technology
BUKK,Bukaka Teknik Utama Tbk.,Infrastructure
BULL,Buana Lintas Lautan Tbk.,Energy
BUMI,Bumi Resources Tbk.,Energy
BUVA,Bukit Uluwatu Villa Tbk.,Consumer Cyclicals
BVIC,Bank Victoria International Tb,Financials
BWPT,Eagle High Plantations Tbk.,Consumer Non-Cyclicals
BYAN,Bayan Resources Tbk.,Energy
CAKK,Cahayaputra Asa Keramik Tbk.,Industrials
CAMP,Campina Ice Cream Industry Tbk,Consumer Non-Cyclicals
CANI,Capitol Nusantara Indonesia Tb,Energy
CARE,Metro Healthcare Indonesia Tbk,Healthcare
CARS,Industri dan Perdagangan Bintr,Consumer Cyclicals
CASA,Capital Financial Indonesia Tb,Financials
CASH,Cashlez Worldwide Indonesia Tb,Technology
CASS,Cardig Aero Services Tbk.,Infrastructure
CBMF,Cahaya Bintang Medan Tbk.,Consumer Cyclicals
CBPE,Citra Buana Prasida Tbk.,Properties & Real Estate
CBRE,Cakra Buana Resources Energi T,Energy
CBUT,Citra Borneo Utama Tbk.,Consumer Non-Cyclicals
CCSI,Communication Cable Systems In,Industrials
CEKA,Wilmar Cahaya Indonesia Tbk.,Consumer Non-Cyclicals
CENT,Centratama Telekomunikasi Indo,Infrastructure
CFIN,Clipan Finance Indonesia Tbk.,Financials
CGAS,Citra Nusantara Gemilang Tbk.,Energy
CHEM,Chemstar Indonesia Tbk.,Basic Materials
CHIP,Pelita Teknologi Global Tbk.,Technology
CINT,Chitose Internasional Tbk.,Consumer Cyclicals
CITA,Cita Mineral Investindo Tbk.,Basic Materials
CITY,Natura City Developments Tbk.,Properties & Real Estate
CLAY,Citra Putra Realty Tbk.,Consumer Cyclicals
CLEO,Sariguna Primatirta Tbk.,Consumer Non-Cyclicals
CLPI,Colorpak Indonesia Tbk.,Basic Materials
CMNP,Citra Marga Nusaphala Persada,Infrastructure
CMNT,Cemindo Gemilang Tbk.,Basic Materials
CMPP,AirAsia Indonesia Tbk.,Transportation & Logistics
CMRY,Cisarua Mountain Dairy Tbk.,Consumer Non-Cyclicals
CNKO,Exploitasi Energi Indonesia Tb,Energy
CNMA,Nusantara Sejahtera Raya Tbk.,Consumer Cyclicals
CNTX,Century Textile Industry Tbk.,Consumer Cyclicals
COAL,Black Diamond Resources Tbk.,Energy
COCO,Wahana Interfood Nusantara Tbk,Consumer Non-Cyclicals
COWL,Cowell Development Tbk.,Properties & Real Estate
CPIN,Charoen Pokphand Indonesia Tbk,Consumer Non-Cyclicals
CPRI,Capri Nusa Satu Properti Tbk.,Properties & Real Estate
CPRO,Central Proteina Prima Tbk.,Consumer Non-Cyclicals
CRAB,Toba Surimi Industries Tbk.,Consumer Non-Cyclicals
CRSN,Carsurin Tbk.,Industrials
CSAP,Catur Sentosa Adiprana Tbk.,Consumer Cyclicals
CSIS,Cahayasakti Investindo Sukses,Properties & Real Estate
CSMI,Cia Selera Murni Tbk.,Consumer Cyclicals
CSRA,Cisadane Sawit Raya Tbk.,Consumer Non-Cyclicals
CTBN,Citra Tubindo Tbk.,Basic Materials
CTRA,Ciputra Development Tbk.,Properties & Real Estate
CTTH,Citatah Tbk.,Industrials
CUAN,Petrindo Jaya Kreasi Tbk.,Energy
CYBR,ITSEC Asia Tbk.,Technology
DAAZ,Daaz Bara Lestari Tbk.,Basic Materials
DADA,Diamond Citra Propertindo Tbk.,Properties & Real Estate
DART,Duta Anggada Realty Tbk.,Properties & Real Estate
DATA,Remala Abadi Tbk.,Infrastructure
DAYA,Duta Intidaya Tbk.,Consumer Non-Cyclicals
DCII,DCI Indonesia Tbk.,Technology
DEAL,Dewata Freightinternational Tb,Transportation & Logistics
DEFI,Danasupra Erapacific Tbk.,Financials
DEPO,Caturkarda Depo Bangunan Tbk.,Consumer Cyclicals
DEWA,Darma Henwa Tbk,Energy
DEWI,Dewi Shri Farmindo Tbk.,Consumer Non-Cyclicals
DFAM,Dafam Property Indonesia Tbk.,Consumer Cyclicals
DGIK,Nusa Konstruksi Enjiniring Tbk,Infrastructure
DGNS,Diagnos Laboratorium Utama Tbk,Healthcare
DIGI,Arkadia Digital Media Tbk.,Consumer Cyclicals
DILD,Intiland Development Tbk.,Properties & Real Estate
DIVA,Distribusi Voucher Nusantara T,Technology
DKFT,Central Omega Resources Tbk.,Basic Materials
DLTA,Delta Djakarta Tbk.,Consumer Non-Cyclicals
DMAS,Puradelta Lestari Tbk.,Properties & Real Estate
DMMX,Digital Mediatama Maxima Tbk.,Technology
DMND,Diamond Food Indonesia Tbk.,Consumer Non-Cyclicals
DNAR,Bank Oke Indonesia Tbk.,Financials
DNET,Indoritel Makmur Internasional,Financials
DOID,Delta Dunia Makmur Tbk.,Energy
DOOH,Era Media Sejahtera Tbk.,Consumer Cyclicals
DOSS,Global Sukses Digital Tbk.,Consumer Cyclicals
DPNS,Duta Pertiwi Nusantara Tbk.,Basic Materials
DPUM,Dua Putra Utama Makmur Tbk.,Consumer Non-Cyclicals
DRMA,Dharma Polimetal Tbk.,Consumer Cyclicals
DSFI,Dharma Samudera Fishing Indust,Consumer Non-Cyclicals
DSNG,Dharma Satya Nusantara Tbk.,Consumer Non-Cyclicals
DSSA,Dian Swastatika Sentosa Tbk,Energy
PTDU,Djasa Ubersakti Tbk.,Infrastructure
DUCK,Jaya Bersama Indo Tbk.,Consumer Cyclicals
DUTI,Duta Pertiwi Tbk,Properties & Real Estate
DVLA,Darya-Varia Laboratoria Tbk.,Healthcare
DWGL,Dwi Guna Laksana Tbk.,Energy
DYAN,Dyandra Media International Tb,Industrials
EAST,Eastparc Hotel Tbk.,Consumer Cyclicals
ECII,Electronic City Indonesia Tbk.,Consumer Cyclicals
EDGE,Indointernet Tbk.,Technology
EKAD,Ekadharma International Tbk.,Basic Materials
ELIT,Data Sinergitama Jaya Tbk.,Technology
ELPI,Pelayaran Nasional Ekalya Purn,Transportation & Logistics
ELSA,Elnusa Tbk.,Energy
ELTY,Bakrieland Development Tbk.,Properties & Real Estate
EMDE,Megapolitan Developments Tbk.,Properties & Real Estate
EMTK,Elang Mahkota Teknologi Tbk.,Technology
ENAK,Champ Resto Indonesia Tbk.,Consumer Cyclicals
ENRG,Energi Mega Persada Tbk.,Energy
ENVY,Envy Technologies Indonesia Tb,Technology
ENZO,Morenzo Abadi Perkasa Tbk.,Consumer Non-Cyclicals
EPAC,Megalestari Epack Sentosaraya,Basic Materials
EPMT,Enseval Putera Megatrading Tbk,Consumer Non-Cyclicals
ERAA,Erajaya Swasembada Tbk.,Consumer Cyclicals
ERAL,Sinar Eka Selaras Tbk.,Consumer Cyclicals
ERTX,Eratex Djaja Tbk.,Consumer Cyclicals
ESIP,Sinergi Inti Plastindo Tbk.,Basic Materials
ESSA,ESSA Industries Indonesia Tbk.,Basic Materials
ESTA,Esta Multi Usaha Tbk.,Consumer Cyclicals
ESTI,Ever Shine Tex Tbk.,Consumer Cyclicals
ETWA,Eterindo Wahanatama Tbk,Basic Materials
EURO,Estee Gold Feet Tbk.,Consumer Non-Cyclicals
EXCL,XL Axiata Tbk.,Infrastructure
FAPA,FAP Agri Tbk.,Consumer Non-Cyclicals
FAST,Fast Food Indonesia Tbk.,Consumer Cyclicals
FASW,Fajar Surya Wisesa Tbk.,Basic Materials
FILM,MD Entertainment Tbk.,Consumer Cyclicals
FIMP,Fimperkasa Utama Tbk.,Infrastructure
FIRE,Alfa Energi Investama Tbk.,Energy
FISH,FKS Multi Agro Tbk.,Consumer Non-Cyclicals
FITT,Hotel Fitra International Tbk.,Consumer Cyclicals
FLMC,Falmaco Nonwoven Industri Tbk.,Consumer Non-Cyclicals
FMII,Fortune Mate Indonesia Tbk,Properties & Real Estate
FOLK,Multi Garam Utama Tbk.,Industrials
FOOD,Sentra Food Indonesia Tbk.,Consumer Non-Cyclicals
FORU,Fortune Indonesia Tbk,Consumer Cyclicals
FORZ,Forza Land Indonesia Tbk.,Properties & Real Estate
FPNI,Lotte Chemical Titan Tbk.,Basic Materials
FREN,Smartfren Telecom Tbk.,Infrastructure
FUJI,Fuji Finance Indonesia Tbk.,Financials
FUTR,Lini Imaji Kreasi Ekosistem Tb,Consumer Cyclicals
FWCT,Wijaya Cahaya Timber Tbk.,Basic Materials
GAMA,Aksara Global Development Tbk.,Properties & Real Estate
GDST,Gunawan Dianjaya Steel Tbk.,Basic Materials
GDYR,Goodyear Indonesia Tbk.,Consumer Cyclicals
GEMA,Gema Grahasarana Tbk.,Consumer Cyclicals
GEMS,Golden Energy Mines Tbk.,Energy
GGRM,Gudang Garam Tbk.,Consumer Non-Cyclicals
GGRP,Gunung Raja Paksi Tbk.,Basic Materials
GHON,Gihon Telekomunikasi Indonesia,Infrastructure
GIAA,Garuda Indonesia (Persero) Tbk,Transportation & Logistics
GJTL,Gajah Tunggal Tbk.,Consumer Cyclicals
GLOB,Globe Kita Terang Tbk.,Consumer Cyclicals
GLVA,Galva Technologies Tbk.,Technology
GMFI,Garuda Maintenance Facility Ae,Infrastructure
GMTD,Gowa Makassar Tourism Developm,Properties & Real Estate
GOLD,Visi Telekomunikasi Infrastruk,Infrastructure
GOLF,Intra Golflink Resorts Tbk.,Consumer Cyclicals
GOLL,Golden Plantation Tbk.,Consumer Non-Cyclicals
GOOD,Garudafood Putra Putri Jaya Tb,Consumer Non-Cyclicals
GOTO,GoTo Gojek Tokopedia Tbk.,Technology
GPRA,Perdana Gapuraprima Tbk.,Properties & Real Estate
GPSO,Geoprima Solusi Tbk.,Industrials
GRIA,Ingria Pratama Capitalindo Tbk,Properties & Real Estate
GRPH,Griha Putra Persada Tbk.,Consumer Cyclicals
GRPM,Graha Prima Mentari Tbk.,Consumer Non-Cyclicals
GSMF,Equity Development Investment,Financials
GTBO,Garda Tujuh Buana Tbk,Energy
GTRA,Grahaprima Suksesmandiri Tbk.,Transportation & Logistics
GTSI,GTS Internasional Tbk.,Energy
GULA,Aman Agrindo Tbk.,Consumer Non-Cyclicals
GUNA,Gunanusa Eramandiri Tbk.,Consumer Non-Cyclicals
GWSA,Greenwood Sejahtera Tbk.,Consumer Cyclicals
GZCO,Gozco Plantations Tbk.,Consumer Non-Cyclicals
HADE,Himalaya Energi Perkasa Tbk.,Infrastructure
HAIS,Hasnur Internasional Shipping,Transportation & Logistics
HAJJ,Arsy Buana Travelindo Tbk.,Consumer Cyclicals
HALO,Haloni Jane Tbk.,Healthcare
HATM,Habco Trans Maritima Tbk.,Transportation & Logistics
HBAT,Minahasa Membangun Hebat Tbk.,Properties & Real Estate
HDFA,Radana Bhaskara Finance Tbk.,Financials
HDIT,Hensel Davest Indonesia Tbk.,Technology
HDTX,Panasia Indo Resources Tbk.,Consumer Cyclicals
HEAL,Medikaloka Hermina Tbk.,Healthcare
HELI,Jaya Trishindo Tbk.,Transportation & Logistics
HERO,Hero Supermarket Tbk.,Consumer Non-Cyclicals
HEXA,Hexindo Adiperkasa Tbk.,Industrials
HILL,Hillcon Tbk.,Energy
HITS,Humpuss Intermoda Transportasi,Energy
HKMU,HK Metals Utama Tbk.,Basic Materials
HMSP,H.M. Sampoerna Tbk.,Consumer Non-Cyclicals
HOKI,Buyung Poetra Sembada Tbk.,Consumer Non-Cyclicals
HOME,Hotel Mandarine Regency Tbk.,Consumer Cyclicals
HOMI,Grand House Mulia Tbk.,Properties & Real Estate
HOPE,Harapan Duta Pertiwi Tbk.,Industrials
HOTL,Saraswati Griya Lestari Tbk.,Consumer Cyclicals
HRME,Menteng Heritage Realty Tbk.,Consumer Cyclicals
HRTA,Hartadinata Abadi Tbk.,Consumer Cyclicals
HRUM,Harum Energy Tbk.,Energy
HUMI,Humpuss Maritim Internasional,Energy
HYGN,Ecocare Indo Pasifik Tbk.,Industrials
IATA,MNC Energy Investments Tbk.,Energy
IBFN,Intan Baru Prana Tbk.,Industrials
IBOS,Indo Boga Sukses Tbk.,Consumer Non-Cyclicals
IBST,Inti Bangun Sejahtera Tbk.,Infrastructure
ICBP,Indofood CBP Sukses Makmur Tbk,Consumer Non-Cyclicals
ICON,Island Conces Indonesia Tbk.,Industrials
IDEA,Idea Indonesia Akademi Tbk.,Consumer Cyclicals
IDPR,Indonesia Pondasi Raya Tbk.,Infrastructure
IFII,Indonesia Fibreboard Industry,Basic Materials
IFSH,Ifishdeco Tbk.,Basic Materials
IGAR,Champion Pacific Indonesia Tbk,Basic Materials
IIKP,Inti Agri Resources Tbk,Consumer Cyclicals
IKAI,Intikeramik Alamasri Industri,Industrials
IKAN,Era Mandiri Cemerlang Tbk.,Consumer Non-Cyclicals
IKBI,Sumi Indo Kabel Tbk.,Industrials
IKPM,Ikapharmindo Putramas Tbk.,Healthcare
IMAS,Indomobil Sukses Internasional,Consumer Cyclicals
IMJS,Indomobil Multi Jasa Tbk.,Transportation & Logistics
IMPC,Impack Pratama Industri Tbk.,Industrials
INAF,Indofarma Tbk.,Healthcare
INAI,Indal Aluminium Industry Tbk.,Basic Materials
INCF,Indo Komoditi Korpora Tbk.,Basic Materials
INCI,Intanwijaya Internasional Tbk,Basic Materials
INCO,Vale Indonesia Tbk.,Basic Materials
INDF,Indofood Sukses Makmur Tbk.,Consumer Non-Cyclicals
INDO,Royalindo Investa Wijaya Tbk.,Properties & Real Estate
INDR,Indo-Rama Synthetics Tbk.,Consumer Cyclicals
INDS,Indospring Tbk.,Consumer Cyclicals
INDX,Tanah Laut Tbk,Industrials
INDY,Indika Energy Tbk.,Energy
INET,Sinergi Inti Andalan Prima Tbk,Infrastructure
INKP,Indah Kiat Pulp & Paper Tbk.,Basic Materials
INOV,Inocycle Technology Group Tbk.,Consumer Cyclicals
INPC,Bank Artha Graha Internasional,Financials
INPP,Indonesian Paradise Property T,Properties & Real Estate
INPS,Indah Prakasa Sentosa Tbk.,Energy
INRU,Toba Pulp Lestari Tbk.,Basic Materials
INTA,Intraco Penta Tbk.,Industrials
INTD,Inter Delta Tbk,Basic Materials
INTP,Indocement Tunggal Prakarsa Tb,Basic Materials
IOTF,Sumber Sinergi Makmur Tbk.,Technology
IPAC,Era Graharealty Tbk.,Properties & Real Estate
IPCC,Indonesia Kendaraan Terminal T,Infrastructure
IPCM,Jasa Armada Indonesia Tbk.,Infrastructure
IPOL,Indopoly Swakarsa Industry Tbk,Basic Materials
IPPE,Indo Pureco Pratama Tbk.,Consumer Non-Cyclicals
IRRA,Itama Ranoraya Tbk.,Healthcare
IRSX,Aviana Sinar Abadi Tbk.,Technology
PTIS,Indo Straits Tbk.,Energy
ISAP,Isra Presisi Indonesia Tbk.,Consumer Cyclicals
ISAT,Indosat Tbk.,Infrastructure
ISEA,Indo American Seafoods Tbk.,Consumer Non-Cyclicals
ISSP,Steel Pipe Industry of Indones,Basic Materials
ITIC,Indonesian Tobacco Tbk.,Consumer Non-Cyclicals
ITMA,Sumber Energi Andalan Tbk.,Energy
ITMG,Indo Tambangraya Megah Tbk.,Energy
IPTV,MNC Vision Networks Tbk.,Consumer Cyclicals
JARR,Jhonlin Agro Raya Tbk.,Consumer Non-Cyclicals
JAST,Jasnita Telekomindo Tbk.,Infrastructure
JATI,Informasi Teknologi Indonesia,Technology
JAWA,Jaya Agra Wattie Tbk.,Consumer Non-Cyclicals
JAYA,Armada Berjaya Trans Tbk.,Transportation & Logistics
JECC,Jembo Cable Company Tbk.,Industrials
JGLE,Graha Andrasentra Propertindo,Consumer Cyclicals
JIHD,Jakarta International Hotels &,Consumer Cyclicals
JKON,Jaya Konstruksi Manggala Prata,Infrastructure
JKSW,Jakarta Kyoei Steel Works Tbk.,Basic Materials
JMAS,Asuransi Jiwa Syariah Jasa Mit,Financials
JPFA,Japfa Comfeed Indonesia Tbk.,Consumer Non-Cyclicals
JRPT,Jaya Real Property Tbk.,Properties & Real Estate
JSPT,Jakarta Setiabudi Internasiona,Consumer Cyclicals
JSKY,Sky Energy Indonesia Tbk.,Energy
JSMR,Jasa Marga (Persero) Tbk.,Infrastructure
JTPE,Jasuindo Tiga Perkasa Tbk.,Industrials
KAEF,Kimia Farma Tbk.,Healthcare
KARW,Meratus Jasa Prima Tbk.,Infrastructure
KAYU,Darmi Bersaudara Tbk.,Basic Materials
KBAG,Karya Bersama Anugerah Tbk.,Properties & Real Estate
KBLI,KMI Wire & Cable Tbk.,Industrials
KBLM,Kabelindo Murni Tbk.,Industrials
KBLV,First Media Tbk.,Infrastructure
KBRI,Kertas Basuki Rachmat Indonesi,Basic Materials
KDSI,Kedawung Setia Industrial Tbk.,Basic Materials
KDTN,Puri Sentul Permai Tbk.,Consumer Cyclicals
KEEN,Kencana Energi Lestari Tbk.,Infrastructure
KEJU,Mulia Boga Raya Tbk.,Consumer Non-Cyclicals
KETR,Ketrosden Triasmitra Tbk.,Infrastructure
KIAS,Keramika Indonesia Assosiasi T,Industrials
KICI,Kedaung Indah Can Tbk,Consumer Cyclicals
KIJA,Kawasan Industri Jababeka Tbk.,Properties & Real Estate
KING,Hoffmen Cleanindo Tbk.,Industrials
KINO,Kino Indonesia Tbk.,Consumer Non-Cyclicals
KIOS,Kioson Komersial Indonesia Tbk,Technology
KJEN,Krida Jaringan Nusantara Tbk.,Transportation & Logistics
KKES,Kusuma Kemindo Sentosa Tbk.,Basic Materials
KKGI,Resource Alam Indonesia Tbk.,Energy
KLAS,Pelayaran Kurnia Lautan Semest,Transportation & Logistics
KLBF,Kalbe Farma Tbk.,Healthcare
KLIN,Klinko Karya Imaji Tbk.,Consumer Cyclicals
KMDS,Kurniamitra Duta Sentosa Tbk.,Consumer Non-Cyclicals
KMTR,Kirana Megatara Tbk.,Basic Materials
KOBX,Kobexindo Tractors Tbk.,Industrials
KOCI,Kokoh Exa Nusantara Tbk.,Properties & Real Estate
KOIN,Kokoh Inti Arebama Tbk,Industrials
KOKA,Koka Indonesia Tbk.,Infrastructure
KONI,Perdana Bangun Pusaka Tbk,Industrials
KOPI,Mitra Energi Persada Tbk.,Energy
KOTA,DMS Propertindo Tbk.,Consumer Cyclicals
KPAL,Steadfast Marine Tbk.,Industrials
KPAS,Cottonindo Ariesta Tbk.,Consumer Non-Cyclicals
KPIG,MNC Land Tbk.,Consumer Cyclicals
KRAH,Grand Kartech Tbk.,Industrials
KRAS,Krakatau Steel (Persero) Tbk.,Basic Materials
KREN,Quantum Clovera Investama Tbk.,Technology
KRYA,Bangun Karya Perkasa Jaya Tbk.,Infrastructure
KUAS,Ace Oldfields Tbk.,Industrials
LABA,Green Power Group Tbk.,Industrials
LABS,UBC Medical Indonesia Tbk.,Healthcare
LAJU,Jasa Berdikari Logistics Tbk.,Transportation & Logistics
LAND,Trimitra Propertindo Tbk.,Properties & Real Estate
LAPD,Leyand International Tbk.,Consumer Non-Cyclicals
LCGP,Eureka Prima Jakarta Tbk.,Properties & Real Estate
LCKM,LCK Global Kedaton Tbk.,Infrastructure
LEAD,Logindo Samudramakmur Tbk.,Energy
LFLO,Imago Mulia Persada Tbk.,Consumer Cyclicals
LIFE,MSIG Life Insurance Indonesia,Financials
LINK,Link Net Tbk.,Infrastructure
LION,Lion Metal Works Tbk.,Industrials
LIVE,Homeco Victoria Makmur Tbk.,Consumer Cyclicals
LMAS,Limas Indonesia Makmur Tbk,Technology
LMAX,Lupromax Pelumas Indonesia Tbk,Consumer Cyclicals
LMPI,Langgeng Makmur Industri Tbk.,Consumer Cyclicals
LMSH,Lionmesh Prima Tbk.,Basic Materials
LOPI,Logisticsplus International Tb,Transportation & Logistics
LPCK,Lippo Cikarang Tbk,Properties & Real Estate
LPGI,Lippo General Insurance Tbk.,Financials
LPIN,Multi Prima Sejahtera Tbk,Consumer Cyclicals
LPKR,Lippo Karawaci Tbk.,Properties & Real Estate
LPLI,Star Pacific Tbk,Properties & Real Estate
LPPF,Matahari Department Store Tbk.,Consumer Cyclicals
LPPS,Lenox Pasifik Investama Tbk.,Financials
LRNA,Eka Sari Lorena Transport Tbk.,Transportation & Logistics
LSIP,PP London Sumatra Indonesia Tb,Consumer Non-Cyclicals
LTLS,Lautan Luas Tbk.,Basic Materials
LUCK,Sentral Mitra Informatika Tbk.,Technology
LUCY,Lima Dua Lima Tiga Tbk.,Consumer Cyclicals
MABA,Marga Abhinaya Abadi Tbk.,Consumer Cyclicals
MAGP,Multi Agro Gemilang Plantation,Consumer Non-Cyclicals
MAHA,Mandiri Herindo Adiperkasa Tbk,Energy
MAIN,Malindo Feedmill Tbk.,Consumer Non-Cyclicals
MAMI,Mas Murni Indonesia Tbk,Consumer Cyclicals
MANG,Manggung Polahraya Tbk.,Infrastructure
MAPA,Map Aktif Adiperkasa Tbk.,Consumer Cyclicals
MAPB,MAP Boga Adiperkasa Tbk.,Consumer Cyclicals
MAPI,Mitra Adiperkasa Tbk.,Consumer Cyclicals
MARI,Mahaka Radio Integra Tbk.,Consumer Cyclicals
MARK,Mark Dynamics Indonesia Tbk.,Industrials
MASA,Multistrada Arah Sarana Tbk.,Consumer Cyclicals
MASB,Bank Multiarta Sentosa Tbk.,Financials
MAXI,Maxindo Karya Anugerah Tbk.,Consumer Non-Cyclicals
MAYA,Bank Mayapada Internasional Tb,Financials
MBAP,Mitrabara Adiperdana Tbk.,Energy
MBMA,Merdeka Battery Materials Tbk.,Basic Materials
MBSS,Mitrabahtera Segara Sejati Tbk,Energy
MBTO,Martina Berto Tbk.,Consumer Non-Cyclicals
MCAS,M Cash Integrasi Tbk.,Technology
MCOL,Prima Andalan Mandiri Tbk.,Energy
MCOR,Bank China Construction Bank I,Financials
MDIA,Intermedia Capital Tbk.,Consumer Cyclicals
MDKA,Merdeka Copper Gold Tbk.,Basic Materials
MDKI,Emdeki Utama Tbk.,Basic Materials
MDLN,Modernland Realty Tbk.,Properties & Real Estate
MDRN,Modern Internasional Tbk.,Industrials
MEDC,Medco Energi Internasional Tbk,Energy
MEDS,Hetzer Medical Indonesia Tbk.,Healthcare
MEGA,Bank Mega Tbk.,Financials
MEJA,Harta Djaya Karya Tbk.,Consumer Cyclicals
MENN,Menn Teknologi Indonesia Tbk.,Technology
MERK,Merck Tbk.,Healthcare
META,Nusantara Infrastructure Tbk.,Infrastructure
MFIN,Mandala Multifinance Tbk.,Financials
MFMI,Multifiling Mitra Indonesia Tb,Industrials
MGLV,Panca Anugrah Wisesa Tbk.,Consumer Cyclicals
MGNA,Magna Investama Mandiri Tbk.,Consumer Cyclicals
MGRO,Mahkota Group Tbk.,Consumer Non-Cyclicals
MHKI,Multi Hanna Kreasindo Tbk.,Industrials
MICE,Multi Indocitra Tbk.,Consumer Cyclicals
MIDI,Midi Utama Indonesia Tbk.,Consumer Non-Cyclicals
MIKA,Mitra Keluarga Karyasehat Tbk.,Healthcare
MINA,Sanurhasta Mitra Tbk.,Consumer Cyclicals
MIRA,Mitra International Resources,Transportation & Logistics
MITI,Mitra Investindo Tbk.,Transportation & Logistics
MKAP,Multikarya Asia Pasifik Raya T,Energy
MKNT,Mitra Komunikasi Nusantara Tbk,Consumer Cyclicals
MKPI,Metropolitan Kentjana Tbk.,Properties & Real Estate
MKTR,Menthobi Karyatama Raya Tbk.,Consumer Non-Cyclicals
MLPT,Multipolar Technology Tbk.,Technology
MLBI,Multi Bintang Indonesia Tbk.,Consumer Non-Cyclicals
MLIA,Mulia Industrindo Tbk,Industrials
MLPL,Multipolar Tbk.,Consumer Non-Cyclicals
MMIX,Multi Medika Internasional Tbk,Healthcare
MMLP,Mega Manunggal Property Tbk.,Properties & Real Estate
MNCN,Media Nusantara Citra Tbk.,Consumer Cyclicals
MOLI,Madusari Murni Indah Tbk.,Basic Materials
MORA,Mora Telematika Indonesia Tbk.,Infrastructure
PTMP,Mitra Pack Tbk.,Industrials
MPIX,Mitra Pedagang Indonesia Tbk.,Technology
MPMX,Mitra Pinasthika Mustika Tbk.,Consumer Cyclicals
MPOW,Megapower Makmur Tbk.,Infrastructure
MPPA,Matahari Putra Prima Tbk.,Consumer Non-Cyclicals
MPRO,Maha Properti Indonesia Tbk.,Properties & Real Estate
MPXL,MPX Logistics International Tb,Transportation & Logistics
PTMR,Master Print Tbk.,Basic Materials
MRAT,Mustika Ratu Tbk.,Consumer Non-Cyclicals
MREI,Maskapai Reasuransi Indonesia,Financials
MSIE,Multisarana Intan Eduka Tbk.,Properties & Real Estate
MSIN,MNC Digital Entertainment Tbk.,Consumer Cyclicals
MSJA,Multi Spunindo Jaya Tbk.,Consumer Non-Cyclicals
MSKY,MNC Sky Vision Tbk.,Consumer Cyclicals
MSTI,Mastersystem Infotama Tbk.,Technology
MTDL,Metrodata Electronics Tbk.,Technology
MTEL,Dayamitra Telekomunikasi Tbk.,Infrastructure
MTFN,Capitalinc Investment Tbk.,Energy
MTLA,Metropolitan Land Tbk.,Properties & Real Estate
MTMH,Murni Sadar Tbk.,Healthcare
MTPS,Meta Epsi Tbk.,Infrastructure
MTRA,Mitra Pemuda Tbk.,Infrastructure
MTSM,Metro Realty Tbk.,Properties & Real Estate
MTWI,Malacca Trust Wuwungan Insuran,Financials
MUTU,Mutuagung Lestari Tbk.,Industrials
MYOH,Samindo Resources Tbk.,Energy
MYOR,Mayora Indah Tbk.,Consumer Non-Cyclicals
MYRX,Hanson International Tbk.,Properties & Real Estate
MYTX,Asia Pacific Investama Tbk.,Consumer Cyclicals
NAIK,Adiwarna Anugerah Abadi Tbk.,Industrials
NANO,Nanotech Indonesia Global Tbk.,Consumer Non-Cyclicals
NASA,Andalan Perkasa Abadi Tbk.,Properties & Real Estate
NASI,Wahana Inti Makmur Tbk.,Consumer Non-Cyclicals
NATO,Surya Permata Andalan Tbk.,Consumer Cyclicals
NAYZ,Hassana Boga Sejahtera Tbk.,Consumer Non-Cyclicals
NCKL,Trimegah Bangun Persada Tbk.,Basic Materials
NELY,Pelayaran Nelly Dwi Putri Tbk.,Transportation & Logistics
NEST,Esta Indonesia Tbk.,Consumer Non-Cyclicals
NETV,Net Visi Media Tbk.,Consumer Cyclicals
NFCX,NFC Indonesia Tbk.,Technology
NICE,Adhi Kartiko Pratama Tbk.,Basic Materials
NICK,Charnic Capital Tbk.,Financials
NICL,PAM Mineral Tbk.,Basic Materials
NIKL,Pelat Timah Nusantara Tbk.,Basic Materials
NINE,Techno9 Indonesia Tbk.,Technology
NIPS,Nipress Tbk.,Consumer Cyclicals
NIRO,City Retail Developments Tbk.,Properties & Real Estate
NISP,Bank OCBC NISP Tbk.,Financials
NOBU,Bank Nationalnobu Tbk.,Financials
NPGF,Nusa Palapa Gemilang Tbk.,Basic Materials
NRCA,Nusa Raya Cia Tbk.,Infrastructure
NSSS,Nusantara Sawit Sejahtera Tbk.,Consumer Non-Cyclicals
NTBK,Nusatama Berkah Tbk.,Industrials
NUSA,Sinergi Megah Internusa Tbk.,Consumer Cyclicals
NZIA,Nusantara Almazia Tbk.,Properties & Real Estate
OASA,Maharaksa Biru Energi Tbk.,Infrastructure
OBMD,OBM Drilchem Tbk.,Basic Materials
OCAP,Onix Capital Tbk.,Financials
OILS,Indo Oil Perkasa Tbk.,Consumer Non-Cyclicals
OKAS,Ancora Indonesia Resources Tbk,Basic Materials
OLIV,Oscar Mitra Sukses Sejahtera T,Consumer Cyclicals
OMED,Jayamas Medica Industri Tbk.,Healthcare
OMRE,Indonesia Prima Property Tbk,Properties & Real Estate
OPMS,Oima Prima Metal Sinergi Tbk,Basic Materials
PACK,Solusi Kemasan Digital Tbk.,Basic Materials
PADA,Personel Alih Daya Tbk.,Industrials
PADI,Minna Padi Investama Sekuritas,Financials
PALM,Provident Investasi Bersama Tb,Financials
PAMG,Bima Sakti Pertiwi Tbk.,Properties & Real Estate
PANI,Pantai Indah Kapuk Dua Tbk.,Properties & Real Estate
PANR,Panorama Sentrawisata Tbk.,Consumer Cyclicals
PANS,Panin Sekuritas Tbk.,Financials
PART,Cipta Perdana Lancar Tbk.,Consumer Cyclicals
PBID,Panca Budi Idaman Tbk.,Basic Materials
PBRX,Pan Brothers Tbk.,Consumer Cyclicals
PBSA,Paramita Bangun Sarana Tbk.,Infrastructure
PCAR,Prima Cakrawala Abadi Tbk.,Consumer Non-Cyclicals
PDES,Destinasi Tirta Nusantara Tbk,Consumer Cyclicals
PDPP,Primadaya Plastisindo Tbk.,Basic Materials
PEGE,Panca Global Kapital Tbk.,Financials
PEHA,Phapros Tbk.,Healthcare
PEVE,Penta Valent Tbk.,Healthcare
PGAS,Perusahaan Gas Negara Tbk.,Energy
PGEO,Pertamina Geothermal Energy Tb,Infrastructure
PGJO,Tourindo Guide Indonesia Tbk.,Technology
PGLI,Pembangunan Graha Lestari Inda,Consumer Cyclicals
PGUN,Pradiksi Gunatama Tbk.,Consumer Non-Cyclicals
PICO,Pelangi Indah Canindo Tbk,Basic Materials
PIPA,Multi Makmur Lemindo Tbk.,Industrials
PJAA,Pembangunan Jaya Ancol Tbk.,Consumer Cyclicals
PKPK,Perdana Karya Perkasa Tbk,Energy
PLAN,Planet Properindo Jaya Tbk.,Consumer Cyclicals
PLAS,Polaris Investama Tbk,Financials
PLIN,Plaza Indonesia Realty Tbk.,Properties & Real Estate
PMJS,Putra Mandiri Jembar Tbk.,Consumer Cyclicals
PMMP,Panca Mitra Multiperdana Tbk.,Consumer Non-Cyclicals
PNBN,Bank Pan Indonesia Tbk,Financials
PNBS,Bank Panin Dubai Syariah Tbk.,Financials
PNGO,Pinago Utama Tbk.,Consumer Non-Cyclicals
PNIN,Paninvest Tbk.,Financials
PNLF,Panin Financial Tbk.,Financials
PNSE,Pudjiadi & Sons Tbk.,Consumer Cyclicals
POLA,Pool Advista Finance Tbk.,Financials
POLI,Pollux Hotels Group Tbk.,Properties & Real Estate
POLL,Pollux Properties Indonesia Tb,Properties & Real Estate
POLU,Golden Flower Tbk.,Consumer Cyclicals
POLY,Asia Pacific Fibers Tbk,Consumer Cyclicals
POOL,Pool Advista Indonesia Tbk.,Financials
PORT,Nusantara Pelabuhan Handal Tbk,Infrastructure
POSA,Bliss Properti Indonesia Tbk.,Properties & Real Estate
POWR,Cikarang Listrindo Tbk.,Infrastructure
PTPP,PP (Persero) Tbk.,Infrastructure
PPGL,Prima Globalindo Logistik Tbk.,Transportation & Logistics
PPRE,PP Presisi Tbk.,Infrastructure
PPRI,Paperocks Indonesia Tbk.,Basic Materials
PPRO,PP Properti Tbk.,Properties & Real Estate
PRAS,Prima Alloy Steel Universal Tb,Consumer Cyclicals
PRAY,Famon Awal Bros Sedaya Tbk.,Healthcare
PRDA,Prodia Widyahusada Tbk.,Healthcare
PRIM,Royal Prima Tbk.,Healthcare
PTPS,Pulau Subur Tbk.,Consumer Non-Cyclicals
PSAB,J Resources Asia Pasifik Tbk.,Basic Materials
PSDN,Prasidha Aneka Niaga Tbk,Consumer Non-Cyclicals
PSGO,Palma Serasih Tbk.,Consumer Non-Cyclicals
PSKT,Red Planet Indonesia Tbk.,Consumer Cyclicals
PSSI,IMC Pelita Logistik Tbk.,Energy
PUDP,Pudjiadi Prestige Tbk.,Properties & Real Estate
PURA,Putra Rajawali Kencana Tbk.,Transportation & Logistics
PURE,Trinitan Metals and Minerals T,Basic Materials
PURI,Puri Global Sukses Tbk.,Properties & Real Estate
PTPW,Pratama Widya Tbk.,Infrastructure
PWON,Pakuwon Jati Tbk.,Properties & Real Estate
PYFA,Pyridam Farma Tbk,Healthcare
PZZA,Sarimelati Kencana Tbk.,Consumer Cyclicals
RAAM,Tripar Multivision Plus Tbk.,Consumer Cyclicals
RAFI,Sari Kreasi Boga Tbk.,Consumer Cyclicals
RAJA,Rukun Raharja Tbk.,Energy
RALS,Ramayana Lestari Sentosa Tbk.,Consumer Cyclicals
RANC,Supra Boga Lestari Tbk.,Consumer Non-Cyclicals
RBMS,Ristia Bintang Mahkotasejati T,Properties & Real Estate
RCCC,Utama Radar Cahaya Tbk.,Transportation & Logistics
RDTX,Roda Vivatex Tbk,Properties & Real Estate
REAL,Repower Asia Indonesia Tbk.,Properties & Real Estate
RELF,Graha Mitra Asia Tbk.,Properties & Real Estate
RELI,Reliance Sekuritas Indonesia T,Financials
RGAS,Kian Santang Muliatama Tbk.,Energy
RICY,Ricky Putra Globalindo Tbk,Consumer Cyclicals
RIGS,Rig Tenders Indonesia Tbk.,Energy
RIMO,Rimo International Lestari Tbk,Properties & Real Estate
RISE,Jaya Sukses Makmur Sentosa Tbk,Properties & Real Estate
RMKE,RMK Energy Tbk.,Energy
RMKO,Royaltama Mulia Kontraktorindo,Energy
PTRO,Petrosea Tbk.,Energy
ROCK,Rockfields Properti Indonesia,Properties & Real Estate
RODA,Pikko Land Development Tbk.,Properties & Real Estate
RONY,Aesler Grup Internasional Tbk.,Infrastructure
ROTI,Nippon Indosari Corpindo Tbk.,Consumer Non-Cyclicals
RSCH,Charlie Hospital Semarang Tbk.,Healthcare
RSGK,Kedoya Adyaraya Tbk.,Healthcare
RUIS,Radiant Utama Interinsco Tbk.,Energy
RUNS,Global Sukses Solusi Tbk.,Technology
SAFE,Steady Safe Tbk,Transportation & Logistics
SAGE,Saausaha Gemilangindah Tbk.,Properties & Real Estate
SAME,Sarana Meditama Metropolitan T,Healthcare
SAMF,Saraswanti Anugerah Makmur Tbk,Basic Materials
SAPX,Satria Antaran Prima Tbk.,Transportation & Logistics
SATU,Kota Satu Properti Tbk.,Properties & Real Estate
SBAT,Sejahtera Bintang Abadi Textil,Consumer Cyclicals
SBMA,Surya Biru Murni Acetylene Tbk,Basic Materials
SCCO,Supreme Cable Manufacturing &,Industrials
SCMA,Surya Citra Media Tbk.,Consumer Cyclicals
SCNP,Selaras Citra Nusantara Perkas,Consumer Cyclicals
SCPI,Organon Pharma Indonesia Tbk.,Healthcare
SDMU,Sidomulyo Selaras Tbk.,Transportation & Logistics
SDPC,Millennium Pharmacon Internati,Consumer Non-Cyclicals
SDRA,Bank Woori Saudara Indonesia 1,Financials
SEMA,Semacom Integrated Tbk.,Energy
SFAN,Surya Fajar Capital Tbk.,Financials
SGER,Sumber Global Energy Tbk.,Energy
SGRO,Sampoerna Agro Tbk.,Consumer Non-Cyclicals
SHID,Hotel Sahid Jaya International,Consumer Cyclicals
SHIP,Sillo Maritime Perdana Tbk.,Energy
SICO,Sigma Energy Compressindo Tbk.,Energy
SIDO,Industri Jamu dan Farmasi Sido,Healthcare
SILO,Siloam International Hospitals,Healthcare
SIMA,Siwani Makmur Tbk,Basic Materials
SIMP,Salim Ivomas Pratama Tbk.,Consumer Non-Cyclicals
SINI,Singaraja Putra Tbk.,Industrials
SIPD,Sreeya Sewu Indonesia Tbk.,Consumer Non-Cyclicals
SKBM,Sekar Bumi Tbk.,Consumer Non-Cyclicals
SKLT,Sekar Laut Tbk.,Consumer Non-Cyclicals
SKRN,Superkrane Mitra Utama Tbk.,Industrials
SKYB,Northcliff Citranusa Indonesia,Technology
SLIS,Gaya Abadi Sempurna Tbk.,Consumer Cyclicals
SMAR,Smart Tbk.,Consumer Non-Cyclicals
SMBR,Semen Baturaja Tbk.,Basic Materials
SMCB,Solusi Bangun Indonesia Tbk.,Basic Materials
SMDM,Suryamas Dutamakmur Tbk.,Properties & Real Estate
SMDR,Samudera Indonesia  Tbk.,Transportation & Logistics
SMGA,Sumber Mineral Global Abadi Tb,Basic Materials
SMGR,Semen Indonesia (Persero) Tbk.,Basic Materials
SMIL,Sarana Mitra Luas Tbk.,Industrials
SMKL,Satyamitra Kemas Lestari Tbk.,Basic Materials
SMKM,Sumber Mas Konstruksi Tbk.,Infrastructure
SMLE,Sinergi Multi Lestarindo Tbk.,Basic Materials
SMMA,Sinarmas Multiartha Tbk.,Financials
SMMT,Golden Eagle Energy Tbk.,Energy
SMRA,Summarecon Agung Tbk.,Properties & Real Estate
SMRU,SMR Utama Tbk.,Energy
SMSM,Selamat Sempurna Tbk.,Consumer Cyclicals
PTSN,Sat Nusapersada Tbk,Technology
SNLK,Sunter Lakeside Hotel Tbk.,Consumer Cyclicals
SPTO,Surya Pertiwi Tbk.,Industrials
SOCI,Soechi Lines Tbk.,Energy
SOFA,Boston Furniture Industries Tb,Consumer Cyclicals
SOHO,Soho Global Health Tbk.,Healthcare
SOLA,Xolare RCR Energy Tbk.,Basic Materials
SONA,Sona Topas Tourism Industry Tb,Consumer Cyclicals
SOSS,Shield On Service Tbk.,Industrials
SOTS,Satria Mega Kencana Tbk.,Consumer Cyclicals
SOUL,Mitra Tirta Buwana Tbk.,Consumer Non-Cyclicals
PTSP,Pioneerindo Gourmet Internatio,Consumer Cyclicals
SPMA,Suparma Tbk.,Basic Materials
SPRE,Soraya Berjaya Indonesia Tbk.,Consumer Cyclicals
SQMI,Wilton Makmur Indonesia Tbk.,Basic Materials
SRAJ,Sejahteraraya Anugrahjaya Tbk.,Healthcare
SRIL,Sri Rejeki Isman Tbk.,Consumer Cyclicals
SRSN,Indo Acidatama Tbk,Basic Materials
SRTG,Saratoga Investama Sedaya Tbk.,Financials
SSIA,Surya Semesta Internusa Tbk.,Infrastructure
SSMS,Sawit Sumbermas Sarana Tbk.,Consumer Non-Cyclicals
SSTM,Sunson Textile Manufacture Tbk,Consumer Cyclicals
STAA,Sumber Tani Agung Resources Tb,Consumer Non-Cyclicals
STAR,Buana Artha Anugerah Tbk.,Financials
STRK,Lovina Beach Brewery Tbk.,Consumer Non-Cyclicals
STTP,Siantar Top Tbk.,Consumer Non-Cyclicals
SUGI,Sugih Energy Tbk.,Energy
SULI,SLJ Global Tbk.,Basic Materials
SUNI,Sunindo Pratama Tbk.,Energy
SUPR,Solusi Tunas Pratama Tbk.,Infrastructure
SURE,Super Energy Tbk.,Energy
SURI,Maja Agung Latexindo Tbk.,Healthcare
SWAT,Sriwahana Adityakarta Tbk.,Basic Materials
SWID,Saraswanti Indoland Developmen,Consumer Cyclicals
TALF,Tunas Alfin Tbk.,Basic Materials
TAMA,Lancartama Sejati Tbk.,Infrastructure
TAMU,Pelayaran Tamarin Samudra Tbk.,Energy
TAPG,Triputra Agro Persada Tbk.,Consumer Non-Cyclicals
TARA,Agung Semesta Sejahtera Tbk.,Properties & Real Estate
TAXI,Express Transindo Utama Tbk.,Transportation & Logistics
TAYS,Jaya Swarasa Agung Tbk.,Consumer Non-Cyclicals
TBIG,Tower Bersama Infrastructure T,Infrastructure
TBLA,Tunas Baru Lampung Tbk.,Consumer Non-Cyclicals
TBMS,Tembaga Mulia Semanan Tbk.,Basic Materials
TCID,Mandom Indonesia Tbk.,Consumer Non-Cyclicals
TCPI,Transcoal Pacific Tbk.,Energy
TDPM,Tianrong Chemicals Industry Tb,Basic Materials
TEBE,Dana Brata Luhur Tbk.,Energy
TECH,Indosterling Technomedia Tbk.,Technology
TELE,Omni Inovasi Indonesia Tbk.,Consumer Cyclicals
TFAS,Telefast Indonesia Tbk.,Technology
TFCO,Tifico Fiber Indonesia Tbk.,Consumer Cyclicals
TGKA,Tigaraksa Satria Tbk.,Consumer Non-Cyclicals
TGRA,Terregra Asia Energy Tbk.,Infrastructure
TGUK,Platinum Wahab Nusantara Tbk.,Consumer Non-Cyclicals
TIFA,KDB Tifa Finance Tbk.,Financials
TINS,Timah Tbk.,Basic Materials
TIRA,Tira Austenite Tbk,Industrials
TIRT,Tirta Mahakam Resources Tbk,Basic Materials
TKIM,Pabrik Kertas Tjiwi Kimia Tbk.,Basic Materials
TLDN,Teladan Prima Agro Tbk.,Consumer Non-Cyclicals
TLKM,Telkom Indonesia (Persero) Tbk.,Infrastructure
TMAS,Temas Tbk.,Transportation & Logistics
TMPO,Tempo Intimedia Tbk.,Consumer Cyclicals
TNCA,Trimuda Nuansa Citra Tbk.,Transportation & Logistics
TOBA,TBS Energi Utama Tbk.,Energy
TOOL,Rohartindo Nusantara Luas Tbk.,Consumer Cyclicals
TOPS,Totalindo Eka Persada Tbk.,Infrastructure
TOSK,Topindo Solusi Komunika Tbk.,Technology
TOTL,Total Bangun Persada Tbk.,Infrastructure
TOTO,Surya Toto Indonesia Tbk.,Industrials
TOWR,Sarana Menara Nusantara Tbk.,Infrastructure
TOYS,Sunindo Adipersada Tbk.,Consumer Cyclicals
TPIA,Chandra Asri Pacific Tbk.,Basic Materials
TPMA,Trans Power Marine Tbk.,Energy
TRAM,Trada Alam Minera Tbk.,Energy
TRGU,Cerestar Indonesia Tbk.,Consumer Non-Cyclicals
TRIL,Triwira Insanlestari Tbk.,Industrials
TRIM,Trimegah Sekuritas Indonesia T,Financials
TRIN,Perintis Triniti Properti Tbk.,Properties & Real Estate
TRIO,Trikomsel Oke Tbk.,Consumer Cyclicals
TRIS,Trisula International Tbk.,Consumer Cyclicals
TRJA,Transkon Jaya Tbk.,Transportation & Logistics
TRON,Teknologi Karya Digital Nusa T,Technology
TRST,Trias Sentosa Tbk.,Basic Materials
TRUE,Triniti Dinamik Tbk.,Properties & Real Estate
TRUK,Guna Timur Raya Tbk.,Transportation & Logistics
TRUS,Trust Finance Indonesia Tbk,Financials
TSPC,Tempo Scan Pacific Tbk.,Healthcare
TUGU,Asuransi Tugu Pratama Indonesi,Financials
TYRE,King Tire Indonesia Tbk.,Consumer Cyclicals
UANG,Pakuan Tbk.,Properties & Real Estate
UCID,Uni-Charm Indonesia Tbk.,Consumer Non-Cyclicals
UDNG,Agro Bahari Nusantara Tbk.,Consumer Non-Cyclicals
UFOE,Damai Sejahtera Abadi Tbk.,Consumer Cyclicals
ULTJ,Ultrajaya Milk Industry & Trad,Consumer Non-Cyclicals
UNIC,Unggul Indah Cahaya Tbk.,Basic Materials
UNIQ,Ulima Nitra Tbk.,Energy
UNIT,Nusantara Inti Corpora Tbk,Consumer Cyclicals
UNSP,Bakrie Sumatera Plantations Tbk.,Consumer Non-Cyclicals
UNTD,Terang Dunia Internusa Tbk.,Consumer Cyclicals
UNTR,United Tractors Tbk.,Industrials
UNVR,Unilever Indonesia Tbk.,Consumer Non-Cyclicals
URBN,Urban Jakarta Propertindo Tbk.,Properties & Real Estate
UVCR,Trimegah Karya Pratama Tbk.,Technology
VAST,Vastland Indonesia Tbk.,Properties & Real Estate
VERN,Verona Indah Pictures Tbk.,Consumer Cyclicals
VICI,Victoria Care Indonesia Tbk.,Consumer Non-Cyclicals
VICO,Victoria Investama Tbk.,Financials
VINS,Victoria Insurance Tbk.,Financials
VISI,Satu Visi Putra Tbk.,Industrials
VIVA,Visi Media Asia Tbk.,Consumer Cyclicals
VKTR,VKTR Teknologi Mobilitas Tbk.,Consumer Cyclicals
VOKS,Voksel Electric Tbk.,Industrials
VRNA,Mizuho Leasing Indonesia Tbk.,Financials
VTNY,Venteny Fortuna International,Financials
WAPO,Wahana Pronatural Tbk.,Consumer Non-Cyclicals
WEGE,Wijaya Karya Bangunan Gedung T,Infrastructure
WEHA,WEHA Transportasi Indonesia Tbk.,Transportation & Logistics
WGSH,Wira Global Solusi Tbk.,Technology
WICO,Wicaksana Overseas International Tbk.,Consumer Non-Cyclicals
WIDI,Widiant Jaya Krenindo Tbk.,Industrials
WIFI,Solusi Sinergi Digital Tbk.,Technology
WIIM,Wismilak Inti Makmur Tbk.,Consumer Non-Cyclicals
WIKA,Wijaya Karya (Persero) Tbk.,Infrastructure
WINE,Hatten Bali Tbk.,Consumer Non-Cyclicals
WINR,Winner Nusantara Jaya Tbk.,Properties & Real Estate
WINS,Wintermar Offshore Marine Tbk.,Energy
WIRG,WIR ASIA Tbk.,Technology
WMPP,Widodo Makmur Perkasa Tbk.,Consumer Non-Cyclicals
WMUU,Widodo Makmur Unggas Tbk.,Consumer Non-Cyclicals
WOMF,Wahana Ottomitra Multiartha Tb,Financials
WOOD,Integra Indocabinet Tbk.,Consumer Cyclicals
WOWS,Ginting Jaya Energi Tbk.,Energy
WSBP,Waskita Beton Precast Tbk.,Basic Materials
WSKT,Waskita Karya (Persero) Tbk.,Infrastructure
WTON,Wijaya Karya Beton Tbk.,Basic Materials
YELO,Yelooo Integra Datanet Tbk.,Consumer Cyclicals
YPAS,Yanaprima Hastapersada Tbk,Basic Materials
YULE,Yulie Sekuritas Indonesia Tbk.,Financials
ZATA,Bersama Zatta Jaya Tbk.,Consumer Cyclicals
ZBRA,Dosni Roha Indonesia Tbk.,Industrials
ZINC,Kapuas Prima Coal Tbk.,Basic Materials
ZONE,Mega Perintis Tbk.,Consumer Cyclicals
ZYRX,Zyrexindo Mandiri Buana Tbk.,Technology
